rank,sequence,pam,position,strand,on_target_score,gc_content,specificity_score,combined_score,domain,penalties
1,CCATTGGGACCGGAGAAACC,AGG,5,+,100,60.0,100,100.0,Signal Peptide,None
2,CATTGGGACCGGAGAAACCA,GGG,6,+,100,55.0,100,100.0,Signal Peptide,None
3,ATTGGGACCGGAGAAACCAG,GGG,7,+,100,55.0,100,100.0,Signal Peptide,None
4,CGGAGCCGCAGTGAGCACCA,TGG,156,+,100,70.0,100,100.0,Extracellular Domain I,None
5,CGCAGTGAGCACCATGGAGC,TGG,162,+,100,65.0,100,100.0,Extracellular Domain I,None
6,AGTGAGCACCATGGAGCTGG,CGG,165,+,100,60.0,100,100.0,Extracellular Domain I,None
7,GCGAGCACCCAAGTGTGCAC,CGG,235,+,100,65.0,100,100.0,Extracellular Domain I,None
8,CCGGCACAGACATGAAGCTG,CGG,254,+,100,60.0,100,100.0,Extracellular Domain I,None
9,TGCCAGTCCCGAGACCCACC,TGG,282,+,100,70.0,100,100.0,Extracellular Domain I,None
10,CATGCTCCGCCACCTCTACC,AGG,306,+,100,65.0,100,100.0,Extracellular Domain I,None
11,ATGCTCCGCCACCTCTACCA,GGG,307,+,100,60.0,100,100.0,Extracellular Domain I,None
12,CCACCTCTACCAGGGCTGCC,AGG,315,+,100,70.0,100,100.0,Extracellular Domain I,None
13,CCTCTACCAGGGCTGCCAGG,TGG,318,+,100,70.0,100,100.0,Extracellular Domain I,None
14,CAGGGCTGCCAGGTGGTGCA,GGG,325,+,100,70.0,100,100.0,Extracellular Domain I,None
15,CCAGGTGGTGCAGGGAAACC,TGG,333,+,100,65.0,100,100.0,Extracellular Domain I,None
16,TGCCAGCCTGTCCTTCCTGC,AGG,378,+,100,65.0,100,100.0,Extracellular Domain I,None
17,GTCCTTCCTGCAGGATATCC,AGG,387,+,100,55.0,100,100.0,Extracellular Domain I,None
18,CTTCCTGCAGGATATCCAGG,AGG,390,+,100,55.0,100,100.0,Extracellular Domain I,None
19,GCAGGATATCCAGGAGGTGC,AGG,396,+,100,60.0,100,100.0,Extracellular Domain I,None
20,CAGGATATCCAGGAGGTGCA,GGG,397,+,100,55.0,100,100.0,Extracellular Domain I,None
21,TCATCGCTCACAACCAAGTG,AGG,428,+,100,50.0,100,100.0,Extracellular Domain I,None
22,CGCTCACAACCAAGTGAGGC,AGG,432,+,100,60.0,100,100.0,Extracellular Domain I,None
23,TGAGGCAGGTCCCACTGCAG,AGG,446,+,100,65.0,100,100.0,Extracellular Domain I,None
24,AGGTCCCACTGCAGAGGCTG,CGG,452,+,100,65.0,100,100.0,Extracellular Domain I,None
25,CAGAGGCTGCGGATTGTGCG,AGG,463,+,100,65.0,100,100.0,Extracellular Domain I,None
26,GCGAGGCACCCAGCTCTTTG,AGG,480,+,100,65.0,100,100.0,Extracellular Domain I,None
27,CTTTGAGGACAACTATGCCC,TGG,495,+,100,50.0,100,100.0,Extracellular Domain I,None
28,GCCCTGGCCGTGCTAGACAA,TGG,511,+,100,65.0,100,100.0,Extracellular Domain I,None
29,AACAATACCACCCCTGTCAC,AGG,544,+,100,50.0,100,100.0,Extracellular Domain I,None
30,ACAATACCACCCCTGTCACA,GGG,545,+,100,50.0,100,100.0,Extracellular Domain I,None
31,CAATACCACCCCTGTCACAG,GGG,546,+,100,55.0,100,100.0,Extracellular Domain I,None
32,AGCCTCACAGAGATCTTGAA,AGG,604,+,100,45.0,100,100.0,Extracellular Domain I,None
33,CTCACAGAGATCTTGAAAGG,AGG,607,+,100,45.0,100,100.0,Extracellular Domain I,None
34,TCACAGAGATCTTGAAAGGA,GGG,608,+,100,40.0,100,100.0,Extracellular Domain I,None
35,CACAGAGATCTTGAAAGGAG,GGG,609,+,100,45.0,100,100.0,Extracellular Domain I,None
36,AAGGAGGGGTCTTGATCCAG,CGG,623,+,100,55.0,100,100.0,Extracellular Domain I,None
37,CTTCCACAAGAACAACCAGC,TGG,690,+,100,50.0,100,100.0,Intergenic/UTR,None
38,TGATAGACACCAACCGCTCT,CGG,722,+,100,50.0,100,100.0,Intergenic/UTR,None
39,GATAGACACCAACCGCTCTC,GGG,723,+,100,55.0,100,100.0,Intergenic/UTR,None
40,CCCCTGTTCTCCGATGTGTA,AGG,753,+,100,55.0,100,100.0,Intergenic/UTR,None
41,CCCTGTTCTCCGATGTGTAA,GGG,754,+,100,50.0,100,100.0,Intergenic/UTR,None
42,TGTGTAAGGGCTCCCGCTGC,TGG,767,+,100,65.0,100,100.0,Intergenic/UTR,None
43,GTGTAAGGGCTCCCGCTGCT,GGG,768,+,100,65.0,100,100.0,Intergenic/UTR,None
44,TGTAAGGGCTCCCGCTGCTG,GGG,769,+,100,65.0,100,100.0,Intergenic/UTR,None
45,CTGCTGGGGAGAGAGTTCTG,AGG,783,+,100,60.0,100,100.0,Intergenic/UTR,None
46,CTGACGCGCACTGTCTGTGC,CGG,817,+,100,65.0,100,100.0,Intergenic/UTR,None
47,GGTGGCTGTGCCCGCTGCAA,GGG,838,+,100,70.0,100,100.0,Intergenic/UTR,None
48,GTGGCTGTGCCCGCTGCAAG,GGG,839,+,100,70.0,100,100.0,Intergenic/UTR,None
49,TGCCATGAGCAGTGTGCTGC,CGG,880,+,100,60.0,100,100.0,Intergenic/UTR,None
50,GCAGTGTGCTGCCGGCTGCA,CGG,888,+,100,70.0,100,100.0,Intergenic/UTR,None
